index,analysis_type,feature_set,detail,features,n_features_mean,n_features_std,top25_threshold_train_mean,top25_threshold_train_std,positive_rate_test_mean,positive_rate_test_std,average_precision_mean,average_precision_std,roc_auc_mean,roc_auc_std,f1_mean,f1_std,precision_mean,precision_std,recall_mean,recall_std,balanced_accuracy_mean,balanced_accuracy_std
0,baseline,full_features,,"previous_visit_month, previous_visit_season, latitude, longitude, orientation, wind_direction_previous, wind_speed_previous, region, sediment, tourist_business, road_network, Pct_Age_15_34, Youth_Dependency, Avg_Household_Size, Unemployment_Rate, UrbanRural_Class, Daytime_Population_Pressure, previous_total_weight, days_between_visits, coastline_cleaned, width_length",21.0,0.0,0.08356643945858648,0.0035548071224864664,0.23483238064017714,0.015298888549094562,0.8010067660569309,0.010670145684423735,0.8919455777881466,0.020857958796410607,0.7257746174903333,0.03561241392372935,0.6680628826423218,0.052458135488066,0.796857122907557,0.028996623213795675,0.8375569350155745,0.017446299184705954
1,demographics_subset,demo_Avg_Household_Size,Avg_Household_Size,"previous_visit_month, previous_visit_season, latitude, longitude, orientation, wind_direction_previous, wind_speed_previous, region, sediment, tourist_business, road_network, previous_total_weight, days_between_visits, coastline_cleaned, width_length, Avg_Household_Size",16.0,0.0,0.08356643945858648,0.0035548071224864664,0.23483238064017714,0.015298888549094562,0.7983580434417334,0.013637582914792059,0.8904507806882137,0.0220579652730611,0.7141715641532017,0.03718861976595856,0.6466217955790945,0.052661401298253085,0.7995337224146774,0.02448609737783667,0.8325084920005329,0.02076615204216366
2,demographics_subset,demo_Avg_Household_Size_Daytime_Population_Pressure,"Avg_Household_Size, Daytime_Population_Pressure","previous_visit_month, previous_visit_season, latitude, longitude, orientation, wind_direction_previous, wind_speed_previous, region, sediment, tourist_business, road_network, previous_total_weight, days_between_visits, coastline_cleaned, width_length, Avg_Household_Size, Daytime_Population_Pressure",17.0,0.0,0.08356643945858648,0.0035548071224864664,0.23483238064017714,0.015298888549094562,0.7980215003177281,0.013773241451658803,0.890406455975616,0.02213335749439152,0.7128052073929314,0.03595702200656468,0.6460014499416583,0.05274298739626259,0.7973115001924551,0.023663082992930008,0.8314118959429322,0.01919869389828505
3,demographics_subset,demo_Avg_Household_Size_Unemployment_Rate,"Avg_Household_Size, Unemployment_Rate","previous_visit_month, previous_visit_season, latitude, longitude, orientation, wind_direction_previous, wind_speed_previous, region, sediment, tourist_business, road_network, previous_total_weight, days_between_visits, coastline_cleaned, width_length, Avg_Household_Size, Unemployment_Rate",17.0,0.0,0.08356643945858648,0.0035548071224864664,0.23483238064017714,0.015298888549094562,0.7964230330046851,0.014196664232515576,0.8893082701956285,0.020994725886252227,0.7131245596787592,0.03833169140134895,0.6525500667556743,0.051406034235951865,0.7880225385630679,0.030734584271543387,0.8296148168741455,0.021222655006970507
4,demographics_subset,demo_Avg_Household_Size_Unemployment_Rate_Daytime_Population_Pressure,"Avg_Household_Size, Unemployment_Rate, Daytime_Population_Pressure","previous_visit_month, previous_visit_season, latitude, longitude, orientation, wind_direction_previous, wind_speed_previous, region, sediment, tourist_business, road_network, previous_total_weight, days_between_visits, coastline_cleaned, width_length, Avg_Household_Size, Unemployment_Rate, Daytime_Population_Pressure",18.0,0.0,0.08356643945858648,0.0035548071224864664,0.23483238064017714,0.015298888549094562,0.7972069465837134,0.014207600772396104,0.8893271887843059,0.020529849923670636,0.7133768802976796,0.040391601551025585,0.6546273099008786,0.05418955248112807,0.7858948789885998,0.03378170432070893,0.8292478511984097,0.022967412747636293
5,demographics_subset,demo_Avg_Household_Size_Unemployment_Rate_UrbanRural_Class,"Avg_Household_Size, Unemployment_Rate, UrbanRural_Class","previous_visit_month, previous_visit_season, latitude, longitude, orientation, wind_direction_previous, wind_speed_previous, region, sediment, tourist_business, road_network, previous_total_weight, days_between_visits, coastline_cleaned, width_length, Avg_Household_Size, Unemployment_Rate, UrbanRural_Class",18.0,0.0,0.08356643945858648,0.0035548071224864664,0.23483238064017714,0.015298888549094562,0.7986928734221478,0.012149005347846267,0.8899685648794126,0.021711277924219532,0.7176367848076909,0.041788789026466676,0.6588728405550835,0.058464794798567525,0.7902268264900265,0.03091733212233935,0.832061818400861,0.023058660626891107
6,demographics_subset,demo_Avg_Household_Size_Unemployment_Rate_UrbanRural_Class_Daytime_Population_Pressure,"Avg_Household_Size, Unemployment_Rate, UrbanRural_Class, Daytime_Population_Pressure","previous_visit_month, previous_visit_season, latitude, longitude, orientation, wind_direction_previous, wind_speed_previous, region, sediment, tourist_business, road_network, previous_total_weight, days_between_visits, coastline_cleaned, width_length, Avg_Household_Size, Unemployment_Rate, UrbanRural_Class, Daytime_Population_Pressure",19.0,0.0,0.08356643945858648,0.0035548071224864664,0.23483238064017714,0.015298888549094562,0.7990488159043696,0.011860696511655564,0.8901674122158368,0.020865044819205047,0.7163935218757553,0.038564497387470864,0.6597956789704362,0.05357849400698407,0.7859715073410902,0.03611931645378193,0.8306366308649172,0.022774132674225643
7,demographics_subset,demo_Avg_Household_Size_UrbanRural_Class,"Avg_Household_Size, UrbanRural_Class","previous_visit_month, previous_visit_season, latitude, longitude, orientation, wind_direction_previous, wind_speed_previous, region, sediment, tourist_business, road_network, previous_total_weight, days_between_visits, coastline_cleaned, width_length, Avg_Household_Size, UrbanRural_Class",17.0,0.0,0.08356643945858648,0.0035548071224864664,0.23483238064017714,0.015298888549094562,0.8009222777774705,0.012224135753370625,0.8913373745515368,0.021963927925900666,0.7210846929997141,0.039638297496856496,0.6551896556459503,0.055381497762658695,0.8041314235641026,0.03205784762675755,0.8369131330555666,0.022652504903378525
8,demographics_subset,demo_Avg_Household_Size_UrbanRural_Class_Daytime_Population_Pressure,"Avg_Household_Size, UrbanRural_Class, Daytime_Population_Pressure","previous_visit_month, previous_visit_season, latitude, longitude, orientation, wind_direction_previous, wind_speed_previous, region, sediment, tourist_business, road_network, previous_total_weight, days_between_visits, coastline_cleaned, width_length, Avg_Household_Size, UrbanRural_Class, Daytime_Population_Pressure",18.0,0.0,0.08356643945858648,0.0035548071224864664,0.23483238064017714,0.015298888549094562,0.7998660238521422,0.013050359510369283,0.891047603375805,0.021985151636109104,0.7195168235839065,0.037806311702346974,0.6524370161286048,0.05185250193213011,0.8041314235641026,0.03205784762675755,0.8362162689440684,0.02199992102483636
9,demographics_subset,demo_Daytime_Population_Pressure,Daytime_Population_Pressure,"previous_visit_month, previous_visit_season, latitude, longitude, orientation, wind_direction_previous, wind_speed_previous, region, sediment, tourist_business, road_network, previous_total_weight, days_between_visits, coastline_cleaned, width_length, Daytime_Population_Pressure",16.0,0.0,0.08356643945858648,0.0035548071224864664,0.23483238064017714,0.015298888549094562,0.799465553376122,0.013905062764579475,0.8909859809695314,0.022377464150684204,0.7176469359330736,0.041040995320723986,0.6510446521987558,0.057381126756814914,0.8017380103416359,0.026779859661199525,0.8346852216889007,0.02246538952589316
10,demographics_subset,demo_Pct_Age_15_34,Pct_Age_15_34,"previous_visit_month, previous_visit_season, latitude, longitude, orientation, wind_direction_previous, wind_speed_previous, region, sediment, tourist_business, road_network, previous_total_weight, days_between_visits, coastline_cleaned, width_length, Pct_Age_15_34",16.0,0.0,0.08356643945858648,0.0035548071224864664,0.23483238064017714,0.015298888549094562,0.8031726110326585,0.01307900709759603,0.8932368556623917,0.021671227735030794,0.7157744767262798,0.040996747763341695,0.652904077032559,0.05946283155861413,0.7947473976283526,0.022940596520293757,0.8323036632613858,0.01960610715746905
11,demographics_subset,demo_Pct_Age_15_34_Avg_Household_Size,"Pct_Age_15_34, Avg_Household_Size","previous_visit_month, previous_visit_season, latitude, longitude, orientation, wind_direction_previous, wind_speed_previous, region, sediment, tourist_business, road_network, previous_total_weight, days_between_visits, coastline_cleaned, width_length, Pct_Age_15_34, Avg_Household_Size",17.0,0.0,0.08356643945858648,0.0035548071224864664,0.23483238064017714,0.015298888549094562,0.8022818000792302,0.012054358190177906,0.8929159074743265,0.021305055679076926,0.7174125375647783,0.03749245801437228,0.6567439535016014,0.05394945257811034,0.7926197380538845,0.02426664994774008,0.8326101395171536,0.019118620108438605
12,demographics_subset,demo_Pct_Age_15_34_Avg_Household_Size_Daytime_Population_Pressure,"Pct_Age_15_34, Avg_Household_Size, Daytime_Population_Pressure","previous_visit_month, previous_visit_season, latitude, longitude, orientation, wind_direction_previous, wind_speed_previous, region, sediment, tourist_business, road_network, previous_total_weight, days_between_visits, coastline_cleaned, width_length, Pct_Age_15_34, Avg_Household_Size, Daytime_Population_Pressure",18.0,0.0,0.08356643945858648,0.0035548071224864664,0.23483238064017714,0.015298888549094562,0.8010313232935153,0.012717789935874016,0.8924699786668182,0.02142138288541467,0.7194388718965514,0.039117780417485905,0.6586345136345135,0.05554132716848179,0.7948419602761068,0.025584431065924482,0.8340746075187241,0.020154424880481907
13,demographics_subset,demo_Pct_Age_15_34_Avg_Household_Size_Unemployment_Rate,"Pct_Age_15_34, Avg_Household_Size, Unemployment_Rate","previous_visit_month, previous_visit_season, latitude, longitude, orientation, wind_direction_previous, wind_speed_previous, region, sediment, tourist_business, road_network, previous_total_weight, days_between_visits, coastline_cleaned, width_length, Pct_Age_15_34, Avg_Household_Size, Unemployment_Rate",18.0,0.0,0.08356643945858648,0.0035548071224864664,0.23483238064017714,0.015298888549094562,0.7997373592588005,0.012183665515819637,0.8918424965412715,0.021063434235186404,0.7243822619973134,0.04323166883038432,0.6610323184231666,0.058528382047080246,0.803112315373603,0.02635679226372114,0.8382000766119502,0.02145613800714578
14,demographics_subset,demo_Pct_Age_15_34_Avg_Household_Size_Unemployment_Rate_Daytime_Population_Pressure,"Pct_Age_15_34, Avg_Household_Size, Unemployment_Rate, Daytime_Population_Pressure","previous_visit_month, previous_visit_season, latitude, longitude, orientation, wind_direction_previous, wind_speed_previous, region, sediment, tourist_business, road_network, previous_total_weight, days_between_visits, coastline_cleaned, width_length, Pct_Age_15_34, Avg_Household_Size, Unemployment_Rate, Daytime_Population_Pressure",19.0,0.0,0.08356643945858648,0.0035548071224864664,0.23483238064017714,0.015298888549094562,0.7998381192244738,0.012019787816176707,0.8915267239232275,0.020695704854992496,0.7221041655141058,0.039607442182877026,0.6631487164888996,0.05367340882598007,0.7943875829912085,0.027895754509971674,0.8352567459096164,0.020303561544478425
15,demographics_subset,demo_Pct_Age_15_34_Avg_Household_Size_Unemployment_Rate_UrbanRural_Class,"Pct_Age_15_34, Avg_Household_Size, Unemployment_Rate, UrbanRural_Class","previous_visit_month, previous_visit_season, latitude, longitude, orientation, wind_direction_previous, wind_speed_previous, region, sediment, tourist_business, road_network, previous_total_weight, days_between_visits, coastline_cleaned, width_length, Pct_Age_15_34, Avg_Household_Size, Unemployment_Rate, UrbanRural_Class",19.0,0.0,0.08356643945858648,0.0035548071224864664,0.23483238064017714,0.015298888549094562,0.8008494203752903,0.010067347571815165,0.8919290908761368,0.020700100629647625,0.7229227553981472,0.03915154622554145,0.6632529870212523,0.056176760063064095,0.7970283139078015,0.03290541602959983,0.8361988478761054,0.02116648638054155
16,demographics_subset,demo_Pct_Age_15_34_Avg_Household_Size_Unemployment_Rate_UrbanRural_Class_Daytime_Population_Pressure,"Pct_Age_15_34, Avg_Household_Size, Unemployment_Rate, UrbanRural_Class, Daytime_Population_Pressure","previous_visit_month, previous_visit_season, latitude, longitude, orientation, wind_direction_previous, wind_speed_previous, region, sediment, tourist_business, road_network, previous_total_weight, days_between_visits, coastline_cleaned, width_length, Pct_Age_15_34, Avg_Household_Size, Unemployment_Rate, UrbanRural_Class, Daytime_Population_Pressure",20.0,0.0,0.08356643945858648,0.0035548071224864664,0.23483238064017714,0.015298888549094562,0.8015687397827381,0.010651690021838774,0.8921354039964801,0.020639704757340966,0.725945836945221,0.03732737745130973,0.6682064056984662,0.05522405764320059,0.7968750572028206,0.02255972052965038,0.8375559112798874,0.017518890544066155
17,demographics_subset,demo_Pct_Age_15_34_Avg_Household_Size_UrbanRural_Class,"Pct_Age_15_34, Avg_Household_Size, UrbanRural_Class","previous_visit_month, previous_visit_season, latitude, longitude, orientation, wind_direction_previous, wind_speed_previous, region, sediment, tourist_business, road_network, previous_total_weight, days_between_visits, coastline_cleaned, width_length, Pct_Age_15_34, Avg_Household_Size, UrbanRural_Class",18.0,0.0,0.08356643945858648,0.0035548071224864664,0.23483238064017714,0.015298888549094562,0.8026864219354832,0.010141143671878954,0.8928914237318081,0.02109589385054696,0.7259307475598116,0.03337780321798917,0.666711875796737,0.05383738098344276,0.8000467937568022,0.030775690182720035,0.8384736631246037,0.016688613928544288
18,demographics_subset,demo_Pct_Age_15_34_Avg_Household_Size_UrbanRural_Class_Daytime_Population_Pressure,"Pct_Age_15_34, Avg_Household_Size, UrbanRural_Class, Daytime_Population_Pressure","previous_visit_month, previous_visit_season, latitude, longitude, orientation, wind_direction_previous, wind_speed_previous, region, sediment, tourist_business, road_network, previous_total_weight, days_between_visits, coastline_cleaned, width_length, Pct_Age_15_34, Avg_Household_Size, UrbanRural_Class, Daytime_Population_Pressure",19.0,0.0,0.08356643945858648,0.0035548071224864664,0.23483238064017714,0.015298888549094562,0.8025438992633209,0.010347240820493106,0.8927128921988355,0.02122985615335423,0.7271693450251917,0.03276188728896633,0.6668823247949461,0.050290639078888096,0.8022690159790244,0.03117008981270181,0.8395802500655234,0.017446424379416972
19,demographics_subset,demo_Pct_Age_15_34_Daytime_Population_Pressure,"Pct_Age_15_34, Daytime_Population_Pressure","previous_visit_month, previous_visit_season, latitude, longitude, orientation, wind_direction_previous, wind_speed_previous, region, sediment, tourist_business, road_network, previous_total_weight, days_between_visits, coastline_cleaned, width_length, Pct_Age_15_34, Daytime_Population_Pressure",17.0,0.0,0.08356643945858648,0.0035548071224864664,0.23483238064017714,0.015298888549094562,0.8031761130335202,0.012859899888653164,0.8932701008218041,0.02172807366398935,0.7184705323550282,0.03978727727437572,0.6555326233526525,0.056025203420828604,0.7969696198505748,0.024086167213123233,0.8340927404741919,0.019966039163662783
20,demographics_subset,demo_Pct_Age_15_34_Unemployment_Rate,"Pct_Age_15_34, Unemployment_Rate","previous_visit_month, previous_visit_season, latitude, longitude, orientation, wind_direction_previous, wind_speed_previous, region, sediment, tourist_business, road_network, previous_total_weight, days_between_visits, coastline_cleaned, width_length, Pct_Age_15_34, Unemployment_Rate",17.0,0.0,0.08356643945858648,0.0035548071224864664,0.23483238064017714,0.015298888549094562,0.8000052130503406,0.011578900518312615,0.892335593155422,0.020773490633416245,0.7238285187024533,0.04188781890356795,0.6613141835661309,0.05448234049960473,0.8008651243623669,0.029602130127644854,0.8373765843807384,0.02274505673709718
21,demographics_subset,demo_Pct_Age_15_34_Unemployment_Rate_Daytime_Population_Pressure,"Pct_Age_15_34, Unemployment_Rate, Daytime_Population_Pressure","previous_visit_month, previous_visit_season, latitude, longitude, orientation, wind_direction_previous, wind_speed_previous, region, sediment, tourist_business, road_network, previous_total_weight, days_between_visits, coastline_cleaned, width_length, Pct_Age_15_34, Unemployment_Rate, Daytime_Population_Pressure",18.0,0.0,0.08356643945858648,0.0035548071224864664,0.23483238064017714,0.015298888549094562,0.8009420714639907,0.011924471570665618,0.8919900127077754,0.020725136700163713,0.7218313714309295,0.035390789201820226,0.660875696008332,0.046259850014641724,0.7965152425656765,0.028624181032901645,0.8355851142367079,0.018882345489617553
22,demographics_subset,demo_Pct_Age_15_34_Unemployment_Rate_UrbanRural_Class,"Pct_Age_15_34, Unemployment_Rate, UrbanRural_Class","previous_visit_month, previous_visit_season, latitude, longitude, orientation, wind_direction_previous, wind_speed_previous, region, sediment, tourist_business, road_network, previous_total_weight, days_between_visits, coastline_cleaned, width_length, Pct_Age_15_34, Unemployment_Rate, UrbanRural_Class",18.0,0.0,0.08356643945858648,0.0035548071224864664,0.23483238064017714,0.015298888549094562,0.8006199006991961,0.00976371348704075,0.8922543496968156,0.020708159726267647,0.7211413194465934,0.04061572226278311,0.6632429731804875,0.057631284540650744,0.7922599234167403,0.027969123193356267,0.8341242049098827,0.021626019597509046
23,demographics_subset,demo_Pct_Age_15_34_Unemployment_Rate_UrbanRural_Class_Daytime_Population_Pressure,"Pct_Age_15_34, Unemployment_Rate, UrbanRural_Class, Daytime_Population_Pressure","previous_visit_month, previous_visit_season, latitude, longitude, orientation, wind_direction_previous, wind_speed_previous, region, sediment, tourist_business, road_network, previous_total_weight, days_between_visits, coastline_cleaned, width_length, Pct_Age_15_34, Unemployment_Rate, UrbanRural_Class, Daytime_Population_Pressure",19.0,0.0,0.08356643945858648,0.0035548071224864664,0.23483238064017714,0.015298888549094562,0.801993641971938,0.010048740233658112,0.8925616832391622,0.020569164910501075,0.727911308570151,0.03593322297768213,0.6696695422747007,0.05133265066550341,0.7991739077775333,0.026680806219247025,0.8390248797298705,0.018439406238278354
24,demographics_subset,demo_Pct_Age_15_34_UrbanRural_Class,"Pct_Age_15_34, UrbanRural_Class","previous_visit_month, previous_visit_season, latitude, longitude, orientation, wind_direction_previous, wind_speed_previous, region, sediment, tourist_business, road_network, previous_total_weight, days_between_visits, coastline_cleaned, width_length, Pct_Age_15_34, UrbanRural_Class",17.0,0.0,0.08356643945858648,0.0035548071224864664,0.23483238064017714,0.015298888549094562,0.8040339666541236,0.010475141526739075,0.8934393336262966,0.021477678982681943,0.7277379172169143,0.035893935865454994,0.6668215716073674,0.05680180096961417,0.8043021129057385,0.028074945521415443,0.8402623396482243,0.016567793482333414
25,demographics_subset,demo_Pct_Age_15_34_UrbanRural_Class_Daytime_Population_Pressure,"Pct_Age_15_34, UrbanRural_Class, Daytime_Population_Pressure","previous_visit_month, previous_visit_season, latitude, longitude, orientation, wind_direction_previous, wind_speed_previous, region, sediment, tourist_business, road_network, previous_total_weight, days_between_visits, coastline_cleaned, width_length, Pct_Age_15_34, UrbanRural_Class, Daytime_Population_Pressure",18.0,0.0,0.08356643945858648,0.0035548071224864664,0.23483238064017714,0.015298888549094562,0.8038714010767454,0.010385994631752608,0.8932546008367839,0.021474586918086663,0.7267626123276063,0.03699201567918643,0.6636205515637117,0.056913181819239766,0.8065243351279607,0.028089024490021614,0.8403376035969897,0.017188580869450798
26,demographics_subset,demo_Pct_Age_15_34_Youth_Dependency,"Pct_Age_15_34, Youth_Dependency","previous_visit_month, previous_visit_season, latitude, longitude, orientation, wind_direction_previous, wind_speed_previous, region, sediment, tourist_business, road_network, previous_total_weight, days_between_visits, coastline_cleaned, width_length, Pct_Age_15_34, Youth_Dependency",17.0,0.0,0.08356643945858648,0.0035548071224864664,0.23483238064017714,0.015298888549094562,0.8032761430575507,0.013585925553910893,0.8936268735487832,0.021795540396367694,0.7144395678542916,0.03831228589473288,0.6519934433141981,0.05571197277491124,0.7926197380538845,0.02426664994774008,0.8312303844692501,0.0188784563833236
27,demographics_subset,demo_Pct_Age_15_34_Youth_Dependency_Avg_Household_Size,"Pct_Age_15_34, Youth_Dependency, Avg_Household_Size","previous_visit_month, previous_visit_season, latitude, longitude, orientation, wind_direction_previous, wind_speed_previous, region, sediment, tourist_business, road_network, previous_total_weight, days_between_visits, coastline_cleaned, width_length, Pct_Age_15_34, Youth_Dependency, Avg_Household_Size",18.0,0.0,0.08356643945858648,0.0035548071224864664,0.23483238064017714,0.015298888549094562,0.8018435259537371,0.011960413355136527,0.8930616214704127,0.021228258769224267,0.7173640686054605,0.035580888654693145,0.6564727023728963,0.05064646431956928,0.7926197380538845,0.02426664994774008,0.8326006905122518,0.0185527634717409
28,demographics_subset,demo_Pct_Age_15_34_Youth_Dependency_Avg_Household_Size_Daytime_Population_Pressure,"Pct_Age_15_34, Youth_Dependency, Avg_Household_Size, Daytime_Population_Pressure","previous_visit_month, previous_visit_season, latitude, longitude, orientation, wind_direction_previous, wind_speed_previous, region, sediment, tourist_business, road_network, previous_total_weight, days_between_visits, coastline_cleaned, width_length, Pct_Age_15_34, Youth_Dependency, Avg_Household_Size, Daytime_Population_Pressure",19.0,0.0,0.08356643945858648,0.0035548071224864664,0.23483238064017714,0.015298888549094562,0.8014635018290999,0.012985320247903926,0.8928712247174861,0.021458868445677882,0.7166271972506422,0.03656607843927855,0.6554252721829201,0.05293387328180167,0.7926197380538845,0.02426664994774008,0.8322567826266942,0.018557316020711947
29,demographics_subset,demo_Pct_Age_15_34_Youth_Dependency_Avg_Household_Size_Unemployment_Rate,"Pct_Age_15_34, Youth_Dependency, Avg_Household_Size, Unemployment_Rate","previous_visit_month, previous_visit_season, latitude, longitude, orientation, wind_direction_previous, wind_speed_previous, region, sediment, tourist_business, road_network, previous_total_weight, days_between_visits, coastline_cleaned, width_length, Pct_Age_15_34, Youth_Dependency, Avg_Household_Size, Unemployment_Rate",19.0,0.0,0.08356643945858648,0.0035548071224864664,0.23483238064017714,0.015298888549094562,0.7994240463170827,0.01231086316113081,0.8916619077375053,0.0208891546877098,0.7197515867229679,0.042582700360781676,0.6578622847531329,0.057577268907444676,0.7965152425656765,0.028624181032901645,0.8345480421036292,0.02202773446346685
30,demographics_subset,demo_Pct_Age_15_34_Youth_Dependency_Avg_Household_Size_Unemployment_Rate_Daytime_Population_Pressure,"Pct_Age_15_34, Youth_Dependency, Avg_Household_Size, Unemployment_Rate, Daytime_Population_Pressure","previous_visit_month, previous_visit_season, latitude, longitude, orientation, wind_direction_previous, wind_speed_previous, region, sediment, tourist_business, road_network, previous_total_weight, days_between_visits, coastline_cleaned, width_length, Pct_Age_15_34, Youth_Dependency, Avg_Household_Size, Unemployment_Rate, Daytime_Population_Pressure",20.0,0.0,0.08356643945858648,0.0035548071224864664,0.23483238064017714,0.015298888549094562,0.799535201516829,0.012394585435055009,0.8916062573117027,0.02059524824013601,0.7207244746316424,0.04081717026642037,0.6608594413076608,0.05538669230554883,0.7943875829912085,0.027895754509971674,0.8345349751967699,0.02127529964799932
31,demographics_subset,demo_Pct_Age_15_34_Youth_Dependency_Avg_Household_Size_Unemployment_Rate_UrbanRural_Class,"Pct_Age_15_34, Youth_Dependency, Avg_Household_Size, Unemployment_Rate, UrbanRural_Class","previous_visit_month, previous_visit_season, latitude, longitude, orientation, wind_direction_previous, wind_speed_previous, region, sediment, tourist_business, road_network, previous_total_weight, days_between_visits, coastline_cleaned, width_length, Pct_Age_15_34, Youth_Dependency, Avg_Household_Size, Unemployment_Rate, UrbanRural_Class",20.0,0.0,0.08356643945858648,0.0035548071224864664,0.23483238064017714,0.015298888549094562,0.8006154422060543,0.01032580694135374,0.8921124165700245,0.02085186774555032,0.7198244715305339,0.03598214800356128,0.6627671728211231,0.05441532423717635,0.7903795815363985,0.03023931799884935,0.8332329046294721,0.018816899153650896
32,demographics_subset,demo_Pct_Age_15_34_Youth_Dependency_Avg_Household_Size_Unemployment_Rate_UrbanRural_Class_Daytime_Population_Pressure,"Pct_Age_15_34, Youth_Dependency, Avg_Household_Size, Unemployment_Rate, UrbanRural_Class, Daytime_Population_Pressure","previous_visit_month, previous_visit_season, latitude, longitude, orientation, wind_direction_previous, wind_speed_previous, region, sediment, tourist_business, road_network, previous_total_weight, days_between_visits, coastline_cleaned, width_length, Pct_Age_15_34, Youth_Dependency, Avg_Household_Size, Unemployment_Rate, UrbanRural_Class, Daytime_Population_Pressure",21.0,0.0,0.08356643945858648,0.0035548071224864664,0.23483238064017714,0.015298888549094562,0.8010067660569309,0.010670145684423735,0.8919455777881466,0.020857958796410607,0.7257746174903333,0.03561241392372935,0.6680628826423218,0.052458135488066,0.796857122907557,0.028996623213795675,0.8375569350155745,0.017446299184705954
33,demographics_subset,demo_Pct_Age_15_34_Youth_Dependency_Avg_Household_Size_UrbanRural_Class,"Pct_Age_15_34, Youth_Dependency, Avg_Household_Size, UrbanRural_Class","previous_visit_month, previous_visit_season, latitude, longitude, orientation, wind_direction_previous, wind_speed_previous, region, sediment, tourist_business, road_network, previous_total_weight, days_between_visits, coastline_cleaned, width_length, Pct_Age_15_34, Youth_Dependency, Avg_Household_Size, UrbanRural_Class",19.0,0.0,0.08356643945858648,0.0035548071224864664,0.23483238064017714,0.015298888549094562,0.8024955599786321,0.01028599857143509,0.8931728832998435,0.02078713890818125,0.7261516678069098,0.03240477934199303,0.6688664601872149,0.05464354753593132,0.79782457153458,0.03117842891428357,0.8380694070083099,0.01563909138955076
34,demographics_subset,demo_Pct_Age_15_34_Youth_Dependency_Avg_Household_Size_UrbanRural_Class_Daytime_Population_Pressure,"Pct_Age_15_34, Youth_Dependency, Avg_Household_Size, UrbanRural_Class, Daytime_Population_Pressure","previous_visit_month, previous_visit_season, latitude, longitude, orientation, wind_direction_previous, wind_speed_previous, region, sediment, tourist_business, road_network, previous_total_weight, days_between_visits, coastline_cleaned, width_length, Pct_Age_15_34, Youth_Dependency, Avg_Household_Size, UrbanRural_Class, Daytime_Population_Pressure",20.0,0.0,0.08356643945858648,0.0035548071224864664,0.23483238064017714,0.015298888549094562,0.8028300314944495,0.01021693010155692,0.893265284732955,0.0209508704968174,0.7253395687724238,0.030792035691347214,0.6671859394193155,0.051035449046161814,0.79782457153458,0.03117842891428357,0.8377015350643401,0.015778356677648514
35,demographics_subset,demo_Pct_Age_15_34_Youth_Dependency_Daytime_Population_Pressure,"Pct_Age_15_34, Youth_Dependency, Daytime_Population_Pressure","previous_visit_month, previous_visit_season, latitude, longitude, orientation, wind_direction_previous, wind_speed_previous, region, sediment, tourist_business, road_network, previous_total_weight, days_between_visits, coastline_cleaned, width_length, Pct_Age_15_34, Youth_Dependency, Daytime_Population_Pressure",18.0,0.0,0.08356643945858648,0.0035548071224864664,0.23483238064017714,0.015298888549094562,0.8031826975943014,0.01313310494390578,0.8935830311556854,0.021783181841196,0.7179500706547339,0.03548157516686098,0.6561048508441502,0.05254025747765231,0.7948669290651205,0.021297584018300245,0.8333803781323121,0.017003422376163566
36,demographics_subset,demo_Pct_Age_15_34_Youth_Dependency_Unemployment_Rate,"Pct_Age_15_34, Youth_Dependency, Unemployment_Rate","previous_visit_month, previous_visit_season, latitude, longitude, orientation, wind_direction_previous, wind_speed_previous, region, sediment, tourist_business, road_network, previous_total_weight, days_between_visits, coastline_cleaned, width_length, Pct_Age_15_34, Youth_Dependency, Unemployment_Rate",18.0,0.0,0.08356643945858648,0.0035548071224864664,0.23483238064017714,0.015298888549094562,0.7993760189349854,0.012032017177021195,0.8921872672894103,0.02075535126759521,0.7204956995482991,0.04077496253378047,0.658878785630733,0.054375320307023293,0.7965152425656765,0.028624181032901645,0.8348675852662559,0.021772496552334764
37,demographics_subset,demo_Pct_Age_15_34_Youth_Dependency_Unemployment_Rate_Daytime_Population_Pressure,"Pct_Age_15_34, Youth_Dependency, Unemployment_Rate, Daytime_Population_Pressure","previous_visit_month, previous_visit_season, latitude, longitude, orientation, wind_direction_previous, wind_speed_previous, region, sediment, tourist_business, road_network, previous_total_weight, days_between_visits, coastline_cleaned, width_length, Pct_Age_15_34, Youth_Dependency, Unemployment_Rate, Daytime_Population_Pressure",19.0,0.0,0.08356643945858648,0.0035548071224864664,0.23483238064017714,0.015298888549094562,0.8003219041892372,0.01239398860163472,0.8918975939316958,0.02068229491447366,0.7221582294818705,0.03783699785557217,0.6632481145688692,0.05224031065640787,0.7943875829912085,0.027895754509971674,0.835232522400584,0.019508118859659657
38,demographics_subset,demo_Pct_Age_15_34_Youth_Dependency_Unemployment_Rate_UrbanRural_Class,"Pct_Age_15_34, Youth_Dependency, Unemployment_Rate, UrbanRural_Class","previous_visit_month, previous_visit_season, latitude, longitude, orientation, wind_direction_previous, wind_speed_previous, region, sediment, tourist_business, road_network, previous_total_weight, days_between_visits, coastline_cleaned, width_length, Pct_Age_15_34, Youth_Dependency, Unemployment_Rate, UrbanRural_Class",19.0,0.0,0.08356643945858648,0.0035548071224864664,0.23483238064017714,0.015298888549094562,0.800799903629372,0.009723995534702027,0.8924832041841914,0.020611879176707867,0.7201451187334533,0.036706979376426065,0.6611833821396509,0.04986469595351347,0.7922599234167403,0.027969123193356267,0.8337957546207715,0.019811349565359557
39,demographics_subset,demo_Pct_Age_15_34_Youth_Dependency_Unemployment_Rate_UrbanRural_Class_Daytime_Population_Pressure,"Pct_Age_15_34, Youth_Dependency, Unemployment_Rate, UrbanRural_Class, Daytime_Population_Pressure","previous_visit_month, previous_visit_season, latitude, longitude, orientation, wind_direction_previous, wind_speed_previous, region, sediment, tourist_business, road_network, previous_total_weight, days_between_visits, coastline_cleaned, width_length, Pct_Age_15_34, Youth_Dependency, Unemployment_Rate, UrbanRural_Class, Daytime_Population_Pressure",20.0,0.0,0.08356643945858648,0.0035548071224864664,0.23483238064017714,0.015298888549094562,0.80127072158455,0.01054026904094091,0.892286796433918,0.02073637756320724,0.7265941859764327,0.034466457747126075,0.6691129560038287,0.050561221414343,0.796951685555311,0.027054895625335095,0.8379137686187594,0.017534857534313265
40,demographics_subset,demo_Pct_Age_15_34_Youth_Dependency_UrbanRural_Class,"Pct_Age_15_34, Youth_Dependency, UrbanRural_Class","previous_visit_month, previous_visit_season, latitude, longitude, orientation, wind_direction_previous, wind_speed_previous, region, sediment, tourist_business, road_network, previous_total_weight, days_between_visits, coastline_cleaned, width_length, Pct_Age_15_34, Youth_Dependency, UrbanRural_Class",18.0,0.0,0.08356643945858648,0.0035548071224864664,0.23483238064017714,0.015298888549094562,0.8039654266999243,0.010357752869556654,0.8939027886337689,0.021136576899337508,0.7284933616978444,0.03547933604480337,0.6682545616377392,0.05770408107660905,0.8043021129057385,0.028074945521415443,0.8406158377525822,0.01572868599300083
41,demographics_subset,demo_Pct_Age_15_34_Youth_Dependency_UrbanRural_Class_Daytime_Population_Pressure,"Pct_Age_15_34, Youth_Dependency, UrbanRural_Class, Daytime_Population_Pressure","previous_visit_month, previous_visit_season, latitude, longitude, orientation, wind_direction_previous, wind_speed_previous, region, sediment, tourist_business, road_network, previous_total_weight, days_between_visits, coastline_cleaned, width_length, Pct_Age_15_34, Youth_Dependency, UrbanRural_Class, Daytime_Population_Pressure",19.0,0.0,0.08356643945858648,0.0035548071224864664,0.23483238064017714,0.015298888549094562,0.8040578870979915,0.010268761404732605,0.8937191158464227,0.021208033083162686,0.7214871760375539,0.03395292960678475,0.6593868380845598,0.05444977384009215,0.8000467937568022,0.030775690182720035,0.8363871942957817,0.01661689917050441
42,demographics_subset,demo_Unemployment_Rate,Unemployment_Rate,"previous_visit_month, previous_visit_season, latitude, longitude, orientation, wind_direction_previous, wind_speed_previous, region, sediment, tourist_business, road_network, previous_total_weight, days_between_visits, coastline_cleaned, width_length, Unemployment_Rate",16.0,0.0,0.08356643945858648,0.0035548071224864664,0.23483238064017714,0.015298888549094562,0.7963664194740337,0.012412607371783107,0.8895249846253315,0.020863285427564097,0.7102842794575934,0.03829723917884802,0.6493822532607579,0.05083062210397153,0.7857753475518321,0.033235065758810224,0.8277892912084205,0.021971793612761203
43,demographics_subset,demo_Unemployment_Rate_Daytime_Population_Pressure,"Unemployment_Rate, Daytime_Population_Pressure","previous_visit_month, previous_visit_season, latitude, longitude, orientation, wind_direction_previous, wind_speed_previous, region, sediment, tourist_business, road_network, previous_total_weight, days_between_visits, coastline_cleaned, width_length, Unemployment_Rate, Daytime_Population_Pressure",17.0,0.0,0.08356643945858648,0.0035548071224864664,0.23483238064017714,0.015298888549094562,0.7972433778765338,0.013804631120508492,0.889650868982295,0.020245458249242617,0.7141076979129195,0.03826045296430185,0.6555170432205184,0.04956978207384427,0.7858948789885998,0.03378170432070893,0.8295724604096453,0.02277243852025124
44,demographics_subset,demo_Unemployment_Rate_UrbanRural_Class,"Unemployment_Rate, UrbanRural_Class","previous_visit_month, previous_visit_season, latitude, longitude, orientation, wind_direction_previous, wind_speed_previous, region, sediment, tourist_business, road_network, previous_total_weight, days_between_visits, coastline_cleaned, width_length, Unemployment_Rate, UrbanRural_Class",17.0,0.0,0.08356643945858648,0.0035548071224864664,0.23483238064017714,0.015298888549094562,0.7988346877735022,0.010283307589278156,0.8903071355997959,0.02141130412033017,0.7149459223479842,0.04053320256908754,0.6510562442577329,0.054477040361075195,0.7948936198395834,0.03286872651399217,0.8319701638604886,0.023218591311963438
45,demographics_subset,demo_Unemployment_Rate_UrbanRural_Class_Daytime_Population_Pressure,"Unemployment_Rate, UrbanRural_Class, Daytime_Population_Pressure","previous_visit_month, previous_visit_season, latitude, longitude, orientation, wind_direction_previous, wind_speed_previous, region, sediment, tourist_business, road_network, previous_total_weight, days_between_visits, coastline_cleaned, width_length, Unemployment_Rate, UrbanRural_Class, Daytime_Population_Pressure",18.0,0.0,0.08356643945858648,0.0035548071224864664,0.23483238064017714,0.015298888549094562,0.7994235816251749,0.011708372951083781,0.8904770116835335,0.02083569423510739,0.7171342176440755,0.03747886551207904,0.6609345886044915,0.05165807990126769,0.7859715073410902,0.03611931645378193,0.8309756139157647,0.02255324661556286
46,demographics_subset,demo_UrbanRural_Class,UrbanRural_Class,"previous_visit_month, previous_visit_season, latitude, longitude, orientation, wind_direction_previous, wind_speed_previous, region, sediment, tourist_business, road_network, previous_total_weight, days_between_visits, coastline_cleaned, width_length, UrbanRural_Class",16.0,0.0,0.08356643945858648,0.0035548071224864664,0.23483238064017714,0.015298888549094562,0.8016625090126064,0.012413013531107473,0.8917843059172176,0.02219443441934632,0.7258265088368605,0.04188727954831321,0.6598286994707839,0.055127402443470565,0.8085579337132833,0.035235943016641236,0.8401770097966332,0.024919016515571928
47,demographics_subset,demo_UrbanRural_Class_Daytime_Population_Pressure,"UrbanRural_Class, Daytime_Population_Pressure","previous_visit_month, previous_visit_season, latitude, longitude, orientation, wind_direction_previous, wind_speed_previous, region, sediment, tourist_business, road_network, previous_total_weight, days_between_visits, coastline_cleaned, width_length, UrbanRural_Class, Daytime_Population_Pressure",17.0,0.0,0.08356643945858648,0.0035548071224864664,0.23483238064017714,0.015298888549094562,0.8017923456401477,0.012068601655014107,0.8917605092512089,0.022179924506934658,0.7250466359668215,0.041204697503654686,0.6584657420398653,0.053681151176222006,0.8085579337132833,0.035235943016641236,0.8398285777408843,0.02470103828570021
48,demographics_subset,demo_Youth_Dependency,Youth_Dependency,"previous_visit_month, previous_visit_season, latitude, longitude, orientation, wind_direction_previous, wind_speed_previous, region, sediment, tourist_business, road_network, previous_total_weight, days_between_visits, coastline_cleaned, width_length, Youth_Dependency",16.0,0.0,0.08356643945858648,0.0035548071224864664,0.23483238064017714,0.015298888549094562,0.800823370636216,0.014453488990972416,0.8926305332527432,0.022034528135901617,0.7169997609058066,0.03266519231577751,0.6511906231369289,0.048602799073087094,0.7995586912036912,0.019957456446127203,0.8339446772679932,0.016576200515292728
49,demographics_subset,demo_Youth_Dependency_Avg_Household_Size,"Youth_Dependency, Avg_Household_Size","previous_visit_month, previous_visit_season, latitude, longitude, orientation, wind_direction_previous, wind_speed_previous, region, sediment, tourist_business, road_network, previous_total_weight, days_between_visits, coastline_cleaned, width_length, Youth_Dependency, Avg_Household_Size",17.0,0.0,0.08356643945858648,0.0035548071224864664,0.23483238064017714,0.015298888549094562,0.799912343548382,0.013428654597849534,0.8920544199723421,0.02154929037897585,0.7137360793137668,0.031026570786367814,0.6487219227313566,0.04629662071332528,0.7953033720547549,0.02489883645095755,0.8314636608030657,0.01723542066891367
50,demographics_subset,demo_Youth_Dependency_Avg_Household_Size_Daytime_Population_Pressure,"Youth_Dependency, Avg_Household_Size, Daytime_Population_Pressure","previous_visit_month, previous_visit_season, latitude, longitude, orientation, wind_direction_previous, wind_speed_previous, region, sediment, tourist_business, road_network, previous_total_weight, days_between_visits, coastline_cleaned, width_length, Youth_Dependency, Avg_Household_Size, Daytime_Population_Pressure",18.0,0.0,0.08356643945858648,0.0035548071224864664,0.23483238064017714,0.015298888549094562,0.7997493752767104,0.013946744955056257,0.8918784293082087,0.021502439485571474,0.7115099180917054,0.029669228467123113,0.64506811293186,0.04502362676496733,0.7953033720547549,0.02489883645095755,0.8303985240830789,0.016608173835024186
51,demographics_subset,demo_Youth_Dependency_Avg_Household_Size_Unemployment_Rate,"Youth_Dependency, Avg_Household_Size, Unemployment_Rate","previous_visit_month, previous_visit_season, latitude, longitude, orientation, wind_direction_previous, wind_speed_previous, region, sediment, tourist_business, road_network, previous_total_weight, days_between_visits, coastline_cleaned, width_length, Youth_Dependency, Avg_Household_Size, Unemployment_Rate",18.0,0.0,0.08356643945858648,0.0035548071224864664,0.23483238064017714,0.015298888549094562,0.7979590278500566,0.014377333892414551,0.8905360508774779,0.021094249791697613,0.7131698164690599,0.036388201044387315,0.652531066865194,0.049863753562207194,0.7878334132675596,0.0240156623134268,0.8295008143381708,0.01903159397995615
52,demographics_subset,demo_Youth_Dependency_Avg_Household_Size_Unemployment_Rate_Daytime_Population_Pressure,"Youth_Dependency, Avg_Household_Size, Unemployment_Rate, Daytime_Population_Pressure","previous_visit_month, previous_visit_season, latitude, longitude, orientation, wind_direction_previous, wind_speed_previous, region, sediment, tourist_business, road_network, previous_total_weight, days_between_visits, coastline_cleaned, width_length, Youth_Dependency, Avg_Household_Size, Unemployment_Rate, Daytime_Population_Pressure",19.0,0.0,0.08356643945858648,0.0035548071224864664,0.23483238064017714,0.015298888549094562,0.7981678558560039,0.013800482946383651,0.8902747414780483,0.020593415080081754,0.7124045924329485,0.03697223733824517,0.6513053301838349,0.05043835919345693,0.7879279759153138,0.026486543527430868,0.8292141786598091,0.019586303892287295
53,demographics_subset,demo_Youth_Dependency_Avg_Household_Size_Unemployment_Rate_UrbanRural_Class,"Youth_Dependency, Avg_Household_Size, Unemployment_Rate, UrbanRural_Class","previous_visit_month, previous_visit_season, latitude, longitude, orientation, wind_direction_previous, wind_speed_previous, region, sediment, tourist_business, road_network, previous_total_weight, days_between_visits, coastline_cleaned, width_length, Youth_Dependency, Avg_Household_Size, Unemployment_Rate, UrbanRural_Class",19.0,0.0,0.08356643945858648,0.0035548071224864664,0.23483238064017714,0.015298888549094562,0.800338565959715,0.011580731328248524,0.8914373368676702,0.021400829289596274,0.7133203231008992,0.03576358596024396,0.6542786479702368,0.04627186500329139,0.7858590103980724,0.036887981457994656,0.8291817293357016,0.022392126442479197
54,demographics_subset,demo_Youth_Dependency_Avg_Household_Size_Unemployment_Rate_UrbanRural_Class_Daytime_Population_Pressure,"Youth_Dependency, Avg_Household_Size, Unemployment_Rate, UrbanRural_Class, Daytime_Population_Pressure","previous_visit_month, previous_visit_season, latitude, longitude, orientation, wind_direction_previous, wind_speed_previous, region, sediment, tourist_business, road_network, previous_total_weight, days_between_visits, coastline_cleaned, width_length, Youth_Dependency, Avg_Household_Size, Unemployment_Rate, UrbanRural_Class, Daytime_Population_Pressure",20.0,0.0,0.08356643945858648,0.0035548071224864664,0.23483238064017714,0.015298888549094562,0.8003215518121631,0.011906584774420123,0.8911246449988095,0.020515624605981404,0.718345076542544,0.0360253980285527,0.6614362947540517,0.05101574896066702,0.7880046042678043,0.030434805325465497,0.8320165271020524,0.019885514791499893
55,demographics_subset,demo_Youth_Dependency_Avg_Household_Size_UrbanRural_Class,"Youth_Dependency, Avg_Household_Size, UrbanRural_Class","previous_visit_month, previous_visit_season, latitude, longitude, orientation, wind_direction_previous, wind_speed_previous, region, sediment, tourist_business, road_network, previous_total_weight, days_between_visits, coastline_cleaned, width_length, Youth_Dependency, Avg_Household_Size, UrbanRural_Class",18.0,0.0,0.08356643945858648,0.0035548071224864664,0.23483238064017714,0.015298888549094562,0.8021078226035356,0.011665310935561973,0.8925259082859537,0.021081484730293035,0.720048572692744,0.03235559262058872,0.6561054423485162,0.046121811888364915,0.8001234221092925,0.03515139834115659,0.8356165292013961,0.020832115074407576
56,demographics_subset,demo_Youth_Dependency_Avg_Household_Size_UrbanRural_Class_Daytime_Population_Pressure,"Youth_Dependency, Avg_Household_Size, UrbanRural_Class, Daytime_Population_Pressure","previous_visit_month, previous_visit_season, latitude, longitude, orientation, wind_direction_previous, wind_speed_previous, region, sediment, tourist_business, road_network, previous_total_weight, days_between_visits, coastline_cleaned, width_length, Youth_Dependency, Avg_Household_Size, UrbanRural_Class, Daytime_Population_Pressure",19.0,0.0,0.08356643945858648,0.0035548071224864664,0.23483238064017714,0.015298888549094562,0.8016964609005914,0.012123787059627302,0.8923441296618982,0.021217380181746015,0.719274139882971,0.03169487937467589,0.6547270692170855,0.04444353668488344,0.8001234221092925,0.03515139834115659,0.835268097145647,0.020709105507104524
57,demographics_subset,demo_Youth_Dependency_Daytime_Population_Pressure,"Youth_Dependency, Daytime_Population_Pressure","previous_visit_month, previous_visit_season, latitude, longitude, orientation, wind_direction_previous, wind_speed_previous, region, sediment, tourist_business, road_network, previous_total_weight, days_between_visits, coastline_cleaned, width_length, Youth_Dependency, Daytime_Population_Pressure",17.0,0.0,0.08356643945858648,0.0035548071224864664,0.23483238064017714,0.015298888549094562,0.8011158023642215,0.014198716898495958,0.8925804372190804,0.022050515055887395,0.7129771019234906,0.032749432872563815,0.647366288121005,0.04639646917288839,0.7951838406179871,0.025222602386264788,0.8310505381942225,0.01874456274238757
58,demographics_subset,demo_Youth_Dependency_Unemployment_Rate,"Youth_Dependency, Unemployment_Rate","previous_visit_month, previous_visit_season, latitude, longitude, orientation, wind_direction_previous, wind_speed_previous, region, sediment, tourist_business, road_network, previous_total_weight, days_between_visits, coastline_cleaned, width_length, Youth_Dependency, Unemployment_Rate",17.0,0.0,0.08356643945858648,0.0035548071224864664,0.23483238064017714,0.015298888549094562,0.7978494499269536,0.0125742293857381,0.8907792342744065,0.02066159521143921,0.7089484430289734,0.03473066108636958,0.6468796338391284,0.046934832203487216,0.7857057536930916,0.02567414157444607,0.8270234157752008,0.019100775724367376
59,demographics_subset,demo_Youth_Dependency_Unemployment_Rate_Daytime_Population_Pressure,"Youth_Dependency, Unemployment_Rate, Daytime_Population_Pressure","previous_visit_month, previous_visit_season, latitude, longitude, orientation, wind_direction_previous, wind_speed_previous, region, sediment, tourist_business, road_network, previous_total_weight, days_between_visits, coastline_cleaned, width_length, Youth_Dependency, Unemployment_Rate, Daytime_Population_Pressure",18.0,0.0,0.08356643945858648,0.0035548071224864664,0.23483238064017714,0.015298888549094562,0.7987717464712615,0.013726688455545954,0.8906797167717373,0.02056964457831555,0.7153477920989737,0.035586157187057224,0.6560654134556445,0.04803290378566448,0.7879279759153138,0.026486543527430868,0.8305988585424228,0.019348359135266138
60,demographics_subset,demo_Youth_Dependency_Unemployment_Rate_UrbanRural_Class,"Youth_Dependency, Unemployment_Rate, UrbanRural_Class","previous_visit_month, previous_visit_season, latitude, longitude, orientation, wind_direction_previous, wind_speed_previous, region, sediment, tourist_business, road_network, previous_total_weight, days_between_visits, coastline_cleaned, width_length, Youth_Dependency, Unemployment_Rate, UrbanRural_Class",18.0,0.0,0.08356643945858648,0.0035548071224864664,0.23483238064017714,0.015298888549094562,0.7998658213303359,0.010043256842114531,0.891491828802456,0.020973363025777986,0.7125832624398016,0.03343863525040027,0.6515957078573901,0.04795421750518853,0.7883464846096846,0.030903265895771158,0.8293941434493532,0.019287695255993168
61,demographics_subset,demo_Youth_Dependency_Unemployment_Rate_UrbanRural_Class_Daytime_Population_Pressure,"Youth_Dependency, Unemployment_Rate, UrbanRural_Class, Daytime_Population_Pressure","previous_visit_month, previous_visit_season, latitude, longitude, orientation, wind_direction_previous, wind_speed_previous, region, sediment, tourist_business, road_network, previous_total_weight, days_between_visits, coastline_cleaned, width_length, Youth_Dependency, Unemployment_Rate, UrbanRural_Class, Daytime_Population_Pressure",19.0,0.0,0.08356643945858648,0.0035548071224864664,0.23483238064017714,0.015298888549094562,0.8005978529385198,0.011660563960965688,0.8915195129524497,0.020489944702012475,0.7197112147170129,0.03654982053993172,0.6619913184894618,0.05020147560218371,0.7901322638422723,0.0288381680655678,0.8330609170010659,0.02041571736703989
62,demographics_subset,demo_Youth_Dependency_UrbanRural_Class,"Youth_Dependency, UrbanRural_Class","previous_visit_month, previous_visit_season, latitude, longitude, orientation, wind_direction_previous, wind_speed_previous, region, sediment, tourist_business, road_network, previous_total_weight, days_between_visits, coastline_cleaned, width_length, Youth_Dependency, UrbanRural_Class",17.0,0.0,0.08356643945858648,0.0035548071224864664,0.23483238064017714,0.015298888549094562,0.8028222003959943,0.011809442550404618,0.8929422493598824,0.021850476453604724,0.7217697520026581,0.03339508079882235,0.6560392738320423,0.047590257486201264,0.8043787412582288,0.03280038216099132,0.8373906906715064,0.020251093787181085
63,demographics_subset,demo_Youth_Dependency_UrbanRural_Class_Daytime_Population_Pressure,"Youth_Dependency, UrbanRural_Class, Daytime_Population_Pressure","previous_visit_month, previous_visit_season, latitude, longitude, orientation, wind_direction_previous, wind_speed_previous, region, sediment, tourist_business, road_network, previous_total_weight, days_between_visits, coastline_cleaned, width_length, Youth_Dependency, UrbanRural_Class, Daytime_Population_Pressure",18.0,0.0,0.08356643945858648,0.0035548071224864664,0.23483238064017714,0.015298888549094562,0.8027429243431918,0.011685788576950107,0.8928240717782506,0.021627601043361103,0.7219833660294662,0.032633694596775356,0.6578596410412461,0.04680075146089574,0.8022510816837608,0.033661673477394745,0.8370386407137997,0.020138401569854414
64,demographics_subset,no_demographics,none,"previous_visit_month, previous_visit_season, latitude, longitude, orientation, wind_direction_previous, wind_speed_previous, region, sediment, tourist_business, road_network, previous_total_weight, days_between_visits, coastline_cleaned, width_length",15.0,0.0,0.08356643945858648,0.0035548071224864664,0.23483238064017714,0.015298888549094562,0.7994337507110524,0.01405345357185626,0.8909442680201376,0.022398207169460525,0.7181852420199603,0.04113611697737889,0.6503216756514096,0.0562189746511775,0.8039602325638582,0.02705913207198532,0.8354429759095524,0.022825202808367435
65,forward_selection,step_00_start,start,"previous_total_weight, days_between_visits",2.0,0.0,0.08356643945858648,0.0035548071224864664,0.23483238064017714,0.015298888549094562,0.7388131668889616,0.02286222489417166,0.852687281195536,0.02515067762446595,0.6882007104421332,0.03085969902704759,0.6389295235829889,0.05513093555282352,0.7494181415394536,0.022310173807544516,0.8093497471320633,0.00997448276128411
66,forward_selection,step_01_add_region,region,"previous_total_weight, days_between_visits, region",3.0,0.0,0.08356643945858648,0.0035548071224864664,0.23483238064017714,0.015298888549094562,0.7884160018347256,0.01592874270360276,0.8832750126679448,0.024152349217373553,0.7063000756660979,0.04384609104352764,0.6494192062847081,0.04660531592114942,0.7752689746203723,0.049209066372412756,0.8235885162354941,0.02756507187587567
67,forward_selection,step_02_add_wind_direction_previous,wind_direction_previous,"previous_total_weight, days_between_visits, region, wind_direction_previous",4.0,0.0,0.08356643945858648,0.0035548071224864664,0.23483238064017714,0.015298888549094562,0.7944071621113898,0.017967647722251262,0.8832120403030643,0.023041466336970316,0.7245391034043525,0.026786748819102525,0.6704631643987632,0.037460178636269575,0.789328470063135,0.02709110230384864,0.8351306083070629,0.013333718037488904
68,forward_selection,step_03_add_Pct_Age_15_34,Pct_Age_15_34,"previous_total_weight, days_between_visits, region, wind_direction_previous, Pct_Age_15_34",5.0,0.0,0.08356643945858648,0.0035548071224864664,0.23483238064017714,0.015298888549094562,0.7967644971574731,0.019308458291436414,0.8851037345546674,0.02406546363932141,0.723206519165146,0.03636785992849285,0.67014195277265,0.0507012711836366,0.7870296194884224,0.024627997637969305,0.8340479861691573,0.016848730225072692
69,forward_selection,step_04_add_sediment,sediment,"previous_total_weight, days_between_visits, region, wind_direction_previous, Pct_Age_15_34, sediment",6.0,0.0,0.08356643945858648,0.0035548071224864664,0.23483238064017714,0.015298888549094562,0.7994873176186382,0.017735477596339765,0.8892273527748135,0.02056473018537857,0.7243326316918093,0.021081207262408728,0.6730673752219205,0.03048062104327486,0.7847557377027234,0.018172947904264953,0.8339051141272726,0.008562613224158556
70,forward_selection,step_05_add_road_network,road_network,"previous_total_weight, days_between_visits, region, wind_direction_previous, Pct_Age_15_34, sediment, road_network",7.0,0.0,0.08356643945858648,0.0035548071224864664,0.23483238064017714,0.015298888549094562,0.8009569485591349,0.0158392160493948,0.8907130054688386,0.019582253699591972,0.7229129065987772,0.023624101065684747,0.6720470003797898,0.030587008982005722,0.7825335154805012,0.018220467681197634,0.8327538982689873,0.011359942147976053
71,forward_selection,step_06_add_wind_speed_previous,wind_speed_previous,"previous_total_weight, days_between_visits, region, wind_direction_previous, Pct_Age_15_34, sediment, road_network, wind_speed_previous",8.0,0.0,0.08356643945858648,0.0035548071224864664,0.23483238064017714,0.015298888549094562,0.8021365763643254,0.01565711843834009,0.8916681248696013,0.020023224703084576,0.7198336886286175,0.02835075862703093,0.665386033749006,0.042083221201134745,0.7852688090448483,0.016197033352791768,0.8321027036780038,0.011794548208525175
72,forward_selection,step_07_add_previous_visit_season,previous_visit_season,"previous_total_weight, days_between_visits, region, wind_direction_previous, Pct_Age_15_34, sediment, road_network, wind_speed_previous, previous_visit_season",9.0,0.0,0.08356643945858648,0.0035548071224864664,0.23483238064017714,0.015298888549094562,0.8034160241670403,0.016622403515369703,0.890823694636059,0.0196316719755937,0.7149017326664028,0.02489581517530673,0.6634361868619295,0.03268236466056929,0.7758418800248208,0.024243377094696882,0.8276994745396136,0.012414801082708142
73,forward_selection,step_08_add_tourist_business,tourist_business,"previous_total_weight, days_between_visits, region, wind_direction_previous, Pct_Age_15_34, sediment, road_network, wind_speed_previous, previous_visit_season, tourist_business",10.0,0.0,0.08356643945858648,0.0035548071224864664,0.23483238064017714,0.015298888549094562,0.8036085883247797,0.015278455005724922,0.8910987824071244,0.019448039805458592,0.7156787638193183,0.02860288921864623,0.6651225554987932,0.04046053343304476,0.7758418800248208,0.024243377094696882,0.8280717294398764,0.013197573002608981
74,forward_selection,step_09_add_UrbanRural_Class,UrbanRural_Class,"previous_total_weight, days_between_visits, region, wind_direction_previous, Pct_Age_15_34, sediment, road_network, wind_speed_previous, previous_visit_season, tourist_business, UrbanRural_Class",11.0,0.0,0.08356643945858648,0.0035548071224864664,0.23483238064017714,0.015298888549094562,0.8035668338484993,0.014814625349340763,0.8915450068245656,0.018772077581565322,0.7122545915203833,0.03186757713603188,0.6606678453559642,0.04009303999122805,0.7738674771553335,0.033418242459973886,0.826034307003175,0.018563086528310305
75,forward_selection,step_10_add_Daytime_Population_Pressure,Daytime_Population_Pressure,"previous_total_weight, days_between_visits, region, wind_direction_previous, Pct_Age_15_34, sediment, road_network, wind_speed_previous, previous_visit_season, tourist_business, UrbanRural_Class, Daytime_Population_Pressure",12.0,0.0,0.08356643945858648,0.0035548071224864664,0.23483238064017714,0.015298888549094562,0.8041168431990681,0.014479830406738397,0.8917114125175282,0.018834258143407286,0.71367540137793,0.030820043397785223,0.6615028387794532,0.040553315035343054,0.7760896993775559,0.030270127175786556,0.8271504841628949,0.01705840293814026
76,forward_selection,step_11_add_Youth_Dependency,Youth_Dependency,"previous_total_weight, days_between_visits, region, wind_direction_previous, Pct_Age_15_34, sediment, road_network, wind_speed_previous, previous_visit_season, tourist_business, UrbanRural_Class, Daytime_Population_Pressure, Youth_Dependency",13.0,0.0,0.08356643945858648,0.0035548071224864664,0.23483238064017714,0.015298888549094562,0.8035858174182783,0.01443888377869536,0.8915593572755268,0.018831153832097228,0.7141930211055584,0.029539030669327615,0.6624935636420786,0.03916856089699758,0.7759185083773112,0.029385946823767353,0.8274182455532321,0.015504553558178036
77,forward_selection,step_12_add_Unemployment_Rate,Unemployment_Rate,"previous_total_weight, days_between_visits, region, wind_direction_previous, Pct_Age_15_34, sediment, road_network, wind_speed_previous, previous_visit_season, tourist_business, UrbanRural_Class, Daytime_Population_Pressure, Youth_Dependency, Unemployment_Rate",14.0,0.0,0.08356643945858648,0.0035548071224864664,0.23483238064017714,0.015298888549094562,0.8033711318695567,0.013802872189512146,0.8898525301705211,0.0186457000387035,0.7195447658694759,0.026463433347278544,0.6634368658540731,0.035629020878696335,0.7872078449824169,0.029008000462541674,0.8323076118429029,0.014314788202376014
78,forward_selection,step_13_add_coastline_cleaned,coastline_cleaned,"previous_total_weight, days_between_visits, region, wind_direction_previous, Pct_Age_15_34, sediment, road_network, wind_speed_previous, previous_visit_season, tourist_business, UrbanRural_Class, Daytime_Population_Pressure, Youth_Dependency, Unemployment_Rate, coastline_cleaned",15.0,0.0,0.08356643945858648,0.0035548071224864664,0.23483238064017714,0.015298888549094562,0.803076817967239,0.012114519682443141,0.8879983078451597,0.020485395848876257,0.7160681606245808,0.028820494957102077,0.6593163605356441,0.040246263998758254,0.7853025343130613,0.03270248058837759,0.8303429321903929,0.0162740476245392
79,forward_selection,step_14_add_width_length,width_length,"previous_total_weight, days_between_visits, region, wind_direction_previous, Pct_Age_15_34, sediment, road_network, wind_speed_previous, previous_visit_season, tourist_business, UrbanRural_Class, Daytime_Population_Pressure, Youth_Dependency, Unemployment_Rate, coastline_cleaned, width_length",16.0,0.0,0.08356643945858648,0.0035548071224864664,0.23483238064017714,0.015298888549094562,0.8049694253039062,0.014960978978261203,0.8892553066472374,0.020756515971341774,0.721782444710934,0.02511583006517604,0.6657866936603155,0.03729451609067921,0.7895757877572611,0.027952132809005062,0.8338400152860741,0.013207742878093749
80,forward_selection,step_15_add_longitude,longitude,"previous_total_weight, days_between_visits, region, wind_direction_previous, Pct_Age_15_34, sediment, road_network, wind_speed_previous, previous_visit_season, tourist_business, UrbanRural_Class, Daytime_Population_Pressure, Youth_Dependency, Unemployment_Rate, coastline_cleaned, width_length, longitude",17.0,0.0,0.08356643945858648,0.0035548071224864664,0.23483238064017714,0.015298888549094562,0.8046573103449963,0.014888982269548254,0.8883994403462736,0.02096663977929325,0.7214906554172549,0.018644876154543202,0.6615853976531942,0.026329310807784664,0.7943621125435859,0.026662008013770055,0.834825075616628,0.011661686759602496
81,forward_selection,step_16_add_latitude,latitude,"previous_total_weight, days_between_visits, region, wind_direction_previous, Pct_Age_15_34, sediment, road_network, wind_speed_previous, previous_visit_season, tourist_business, UrbanRural_Class, Daytime_Population_Pressure, Youth_Dependency, Unemployment_Rate, coastline_cleaned, width_length, longitude, latitude",18.0,0.0,0.08356643945858648,0.0035548071224864664,0.23483238064017714,0.015298888549094562,0.804800790118063,0.01466679896503685,0.8885100833306687,0.020975069734651738,0.7207884344780541,0.021306813736272467,0.6602835628042435,0.02756665799752293,0.7943621125435859,0.026662008013770055,0.8344615866289512,0.013581958790540034
82,forward_selection,step_17_add_previous_visit_month,previous_visit_month,"previous_total_weight, days_between_visits, region, wind_direction_previous, Pct_Age_15_34, sediment, road_network, wind_speed_previous, previous_visit_season, tourist_business, UrbanRural_Class, Daytime_Population_Pressure, Youth_Dependency, Unemployment_Rate, coastline_cleaned, width_length, longitude, latitude, previous_visit_month",19.0,0.0,0.08356643945858648,0.0035548071224864664,0.23483238064017714,0.015298888549094562,0.8038103885123048,0.013549638615232675,0.8884807187821393,0.019906821130036285,0.7273020950691977,0.02918094627411074,0.6700508767185985,0.04112653489586646,0.7965843347658083,0.02655460847516642,0.8380310208046284,0.01594740856998691
83,forward_selection,step_18_add_Avg_Household_Size,Avg_Household_Size,"previous_total_weight, days_between_visits, region, wind_direction_previous, Pct_Age_15_34, sediment, road_network, wind_speed_previous, previous_visit_season, tourist_business, UrbanRural_Class, Daytime_Population_Pressure, Youth_Dependency, Unemployment_Rate, coastline_cleaned, width_length, longitude, latitude, previous_visit_month, Avg_Household_Size",20.0,0.0,0.08356643945858648,0.0035548071224864664,0.23483238064017714,0.015298888549094562,0.802563021891031,0.01352448508750452,0.8883835802890166,0.019955205322230607,0.7251255371695944,0.026080728030626103,0.6675740440883132,0.03470162977842735,0.7944566751913401,0.024652736806248583,0.8366286086310657,0.014715189349746317
84,forward_selection,step_19_add_orientation,orientation,"previous_total_weight, days_between_visits, region, wind_direction_previous, Pct_Age_15_34, sediment, road_network, wind_speed_previous, previous_visit_season, tourist_business, UrbanRural_Class, Daytime_Population_Pressure, Youth_Dependency, Unemployment_Rate, coastline_cleaned, width_length, longitude, latitude, previous_visit_month, Avg_Household_Size, orientation",21.0,0.0,0.08356643945858648,0.0035548071224864664,0.23483238064017714,0.015298888549094562,0.8010067660569309,0.010670145684423735,0.8919455777881466,0.020857958796410607,0.7257746174903333,0.03561241392372935,0.6680628826423218,0.052458135488066,0.796857122907557,0.028996623213795675,0.8375569350155745,0.017446299184705954
85,leave_one_out,minus_Avg_Household_Size,Avg_Household_Size,"previous_visit_month, previous_visit_season, latitude, longitude, orientation, wind_direction_previous, wind_speed_previous, region, sediment, tourist_business, road_network, Pct_Age_15_34, Youth_Dependency, Unemployment_Rate, UrbanRural_Class, Daytime_Population_Pressure, previous_total_weight, days_between_visits, coastline_cleaned, width_length",20.0,0.0,0.08356643945858648,0.0035548071224864664,0.23483238064017714,0.015298888549094562,0.80127072158455,0.01054026904094091,0.892286796433918,0.02073637756320724,0.7265941859764327,0.034466457747126075,0.6691129560038287,0.050561221414343,0.796951685555311,0.027054895625335095,0.8379137686187594,0.017534857534313265
86,leave_one_out,minus_Daytime_Population_Pressure,Daytime_Population_Pressure,"previous_visit_month, previous_visit_season, latitude, longitude, orientation, wind_direction_previous, wind_speed_previous, region, sediment, tourist_business, road_network, Pct_Age_15_34, Youth_Dependency, Avg_Household_Size, Unemployment_Rate, UrbanRural_Class, previous_total_weight, days_between_visits, coastline_cleaned, width_length",20.0,0.0,0.08356643945858648,0.0035548071224864664,0.23483238064017714,0.015298888549094562,0.8006154422060543,0.01032580694135374,0.8921124165700245,0.02085186774555032,0.7198244715305339,0.03598214800356128,0.6627671728211231,0.05441532423717635,0.7903795815363985,0.03023931799884935,0.8332329046294721,0.018816899153650896
87,leave_one_out,minus_Pct_Age_15_34,Pct_Age_15_34,"previous_visit_month, previous_visit_season, latitude, longitude, orientation, wind_direction_previous, wind_speed_previous, region, sediment, tourist_business, road_network, Youth_Dependency, Avg_Household_Size, Unemployment_Rate, UrbanRural_Class, Daytime_Population_Pressure, previous_total_weight, days_between_visits, coastline_cleaned, width_length",20.0,0.0,0.08356643945858648,0.0035548071224864664,0.23483238064017714,0.015298888549094562,0.8003215518121631,0.011906584774420123,0.8911246449988095,0.020515624605981404,0.718345076542544,0.0360253980285527,0.6614362947540517,0.05101574896066702,0.7880046042678043,0.030434805325465497,0.8320165271020524,0.019885514791499893
88,leave_one_out,minus_Unemployment_Rate,Unemployment_Rate,"previous_visit_month, previous_visit_season, latitude, longitude, orientation, wind_direction_previous, wind_speed_previous, region, sediment, tourist_business, road_network, Pct_Age_15_34, Youth_Dependency, Avg_Household_Size, UrbanRural_Class, Daytime_Population_Pressure, previous_total_weight, days_between_visits, coastline_cleaned, width_length",20.0,0.0,0.08356643945858648,0.0035548071224864664,0.23483238064017714,0.015298888549094562,0.8028300314944495,0.01021693010155692,0.893265284732955,0.0209508704968174,0.7253395687724238,0.030792035691347214,0.6671859394193155,0.051035449046161814,0.79782457153458,0.03117842891428357,0.8377015350643401,0.015778356677648514
89,leave_one_out,minus_UrbanRural_Class,UrbanRural_Class,"previous_visit_month, previous_visit_season, latitude, longitude, orientation, wind_direction_previous, wind_speed_previous, region, sediment, tourist_business, road_network, Pct_Age_15_34, Youth_Dependency, Avg_Household_Size, Unemployment_Rate, Daytime_Population_Pressure, previous_total_weight, days_between_visits, coastline_cleaned, width_length",20.0,0.0,0.08356643945858648,0.0035548071224864664,0.23483238064017714,0.015298888549094562,0.799535201516829,0.012394585435055009,0.8916062573117027,0.02059524824013601,0.7207244746316424,0.04081717026642037,0.6608594413076608,0.05538669230554883,0.7943875829912085,0.027895754509971674,0.8345349751967699,0.02127529964799932
90,leave_one_out,minus_Youth_Dependency,Youth_Dependency,"previous_visit_month, previous_visit_season, latitude, longitude, orientation, wind_direction_previous, wind_speed_previous, region, sediment, tourist_business, road_network, Pct_Age_15_34, Avg_Household_Size, Unemployment_Rate, UrbanRural_Class, Daytime_Population_Pressure, previous_total_weight, days_between_visits, coastline_cleaned, width_length",20.0,0.0,0.08356643945858648,0.0035548071224864664,0.23483238064017714,0.015298888549094562,0.8015687397827381,0.010651690021838774,0.8921354039964801,0.020639704757340966,0.725945836945221,0.03732737745130973,0.6682064056984662,0.05522405764320059,0.7968750572028206,0.02255972052965038,0.8375559112798874,0.017518890544066155
91,leave_one_out,minus_coastline_cleaned,coastline_cleaned,"previous_visit_month, previous_visit_season, latitude, longitude, orientation, wind_direction_previous, wind_speed_previous, region, sediment, tourist_business, road_network, Pct_Age_15_34, Youth_Dependency, Avg_Household_Size, Unemployment_Rate, UrbanRural_Class, Daytime_Population_Pressure, previous_total_weight, days_between_visits, width_length",20.0,0.0,0.08356643945858648,0.0035548071224864664,0.23483238064017714,0.015298888549094562,0.7962035080960768,0.00882133975427138,0.8887181920691217,0.02296104123732971,0.717352015232499,0.033489105899351265,0.6599421683231721,0.04765714433739222,0.7877905101832823,0.031574788104685336,0.8315956860380893,0.017873302495378905
92,leave_one_out,minus_days_between_visits,days_between_visits,"previous_visit_month, previous_visit_season, latitude, longitude, orientation, wind_direction_previous, wind_speed_previous, region, sediment, tourist_business, road_network, Pct_Age_15_34, Youth_Dependency, Avg_Household_Size, Unemployment_Rate, UrbanRural_Class, Daytime_Population_Pressure, previous_total_weight, coastline_cleaned, width_length",20.0,0.0,0.08356643945858648,0.0035548071224864664,0.23483238064017714,0.015298888549094562,0.7592519295179601,0.008778006439367336,0.8783767533286369,0.006131788979115834,0.6864881458895946,0.034848958445474025,0.6258270822744507,0.047163092844836906,0.7625037358417954,0.03918246603614416,0.8111866483342318,0.02077397434805285
93,leave_one_out,minus_latitude,latitude,"previous_visit_month, previous_visit_season, longitude, orientation, wind_direction_previous, wind_speed_previous, region, sediment, tourist_business, road_network, Pct_Age_15_34, Youth_Dependency, Avg_Household_Size, Unemployment_Rate, UrbanRural_Class, Daytime_Population_Pressure, previous_total_weight, days_between_visits, coastline_cleaned, width_length",20.0,0.0,0.08356643945858648,0.0035548071224864664,0.23483238064017714,0.015298888549094562,0.801100071414748,0.010905383294264064,0.8920495255577251,0.02067075565380416,0.7270898418870317,0.03565139985071022,0.6684388664458274,0.05099702802884359,0.7990793451297791,0.027559012210081477,0.838648606238465,0.017890537193011067
94,leave_one_out,minus_longitude,longitude,"previous_visit_month, previous_visit_season, latitude, orientation, wind_direction_previous, wind_speed_previous, region, sediment, tourist_business, road_network, Pct_Age_15_34, Youth_Dependency, Avg_Household_Size, Unemployment_Rate, UrbanRural_Class, Daytime_Population_Pressure, previous_total_weight, days_between_visits, coastline_cleaned, width_length",20.0,0.0,0.08356643945858648,0.0035548071224864664,0.23483238064017714,0.015298888549094562,0.8010931807863348,0.010404163278971134,0.8925282064608633,0.021045214238041607,0.7280080806960835,0.038380581864225,0.6702594447310672,0.056758050065755794,0.7991739077775333,0.026680806219247025,0.8390588346716015,0.018597768860023664
95,leave_one_out,minus_orientation,orientation,"previous_visit_month, previous_visit_season, latitude, longitude, wind_direction_previous, wind_speed_previous, region, sediment, tourist_business, road_network, Pct_Age_15_34, Youth_Dependency, Avg_Household_Size, Unemployment_Rate, UrbanRural_Class, Daytime_Population_Pressure, previous_total_weight, days_between_visits, coastline_cleaned, width_length",20.0,0.0,0.08356643945858648,0.0035548071224864664,0.23483238064017714,0.015298888549094562,0.802563021891031,0.01352448508750452,0.8883835802890166,0.019955205322230607,0.7251255371695944,0.026080728030626103,0.6675740440883132,0.03470162977842735,0.7944566751913401,0.024652736806248583,0.8366286086310657,0.014715189349746317
96,leave_one_out,minus_previous_total_weight,previous_total_weight,"previous_visit_month, previous_visit_season, latitude, longitude, orientation, wind_direction_previous, wind_speed_previous, region, sediment, tourist_business, road_network, Pct_Age_15_34, Youth_Dependency, Avg_Household_Size, Unemployment_Rate, UrbanRural_Class, Daytime_Population_Pressure, days_between_visits, coastline_cleaned, width_length",20.0,0.0,0.08356643945858648,0.0035548071224864664,0.23483238064017714,0.015298888549094562,0.6518043416814456,0.02057395019504293,0.8147165523232991,0.024584055282671505,0.5884562399848955,0.017663632985075676,0.5083955662575318,0.012214382981110704,0.7000865516107011,0.04536919899337829,0.7463296071075426,0.022340755511972593
97,leave_one_out,minus_previous_visit_month,previous_visit_month,"previous_visit_season, latitude, longitude, orientation, wind_direction_previous, wind_speed_previous, region, sediment, tourist_business, road_network, Pct_Age_15_34, Youth_Dependency, Avg_Household_Size, Unemployment_Rate, UrbanRural_Class, Daytime_Population_Pressure, previous_total_weight, days_between_visits, coastline_cleaned, width_length",20.0,0.0,0.08356643945858648,0.0035548071224864664,0.23483238064017714,0.015298888549094562,0.8012373774880792,0.012009477067832284,0.8923424336267007,0.02166826412750737,0.7188192366293128,0.03433733684875837,0.6609314979615564,0.05008323790979801,0.7902600500996306,0.033248598809649,0.832810333015727,0.019039340495878583
98,leave_one_out,minus_previous_visit_season,previous_visit_season,"previous_visit_month, latitude, longitude, orientation, wind_direction_previous, wind_speed_previous, region, sediment, tourist_business, road_network, Pct_Age_15_34, Youth_Dependency, Avg_Household_Size, Unemployment_Rate, UrbanRural_Class, Daytime_Population_Pressure, previous_total_weight, days_between_visits, coastline_cleaned, width_length",20.0,0.0,0.08356643945858648,0.0035548071224864664,0.23483238064017714,0.015298888549094562,0.7995490878849681,0.010649841858914261,0.8920981071872991,0.02109368439690577,0.7231862939366548,0.03470949433524531,0.6665219200943853,0.048869531869265924,0.7921653607689862,0.028868889453419203,0.8351528754955257,0.018499494414255732
99,leave_one_out,minus_region,region,"previous_visit_month, previous_visit_season, latitude, longitude, orientation, wind_direction_previous, wind_speed_previous, sediment, tourist_business, road_network, Pct_Age_15_34, Youth_Dependency, Avg_Household_Size, Unemployment_Rate, UrbanRural_Class, Daytime_Population_Pressure, previous_total_weight, days_between_visits, coastline_cleaned, width_length",20.0,0.0,0.08356643945858648,0.0035548071224864664,0.23483238064017714,0.015298888549094562,0.7887704667548374,0.009547146632408585,0.8870854134360077,0.018428261412593554,0.7131479812790051,0.024999718696853853,0.6462218475302588,0.037103233854576215,0.7975333474389588,0.03236251130205609,0.8319120394614234,0.015968143368207892
100,leave_one_out,minus_road_network,road_network,"previous_visit_month, previous_visit_season, latitude, longitude, orientation, wind_direction_previous, wind_speed_previous, region, sediment, tourist_business, Pct_Age_15_34, Youth_Dependency, Avg_Household_Size, Unemployment_Rate, UrbanRural_Class, Daytime_Population_Pressure, previous_total_weight, days_between_visits, coastline_cleaned, width_length",20.0,0.0,0.08356643945858648,0.0035548071224864664,0.23483238064017714,0.015298888549094562,0.8001159095609273,0.0109692261341071,0.8907671344274387,0.021059660825043798,0.7199324049938608,0.039221270270880716,0.6612440767886312,0.05297209848791714,0.7919180430748601,0.03001321997761648,0.8336839584207075,0.019991143293188993
101,leave_one_out,minus_sediment,sediment,"previous_visit_month, previous_visit_season, latitude, longitude, orientation, wind_direction_previous, wind_speed_previous, region, tourist_business, road_network, Pct_Age_15_34, Youth_Dependency, Avg_Household_Size, Unemployment_Rate, UrbanRural_Class, Daytime_Population_Pressure, previous_total_weight, days_between_visits, coastline_cleaned, width_length",20.0,0.0,0.08356643945858648,0.0035548071224864664,0.23483238064017714,0.015298888549094562,0.7962705202041025,0.014142643182810555,0.8900722990699753,0.021692949695756036,0.7128470003991791,0.04478645558495481,0.6536448201088433,0.0645927225859066,0.7870371556407811,0.033084330026864506,0.8291415882783995,0.021499043608283173
102,leave_one_out,minus_tourist_business,tourist_business,"previous_visit_month, previous_visit_season, latitude, longitude, orientation, wind_direction_previous, wind_speed_previous, region, sediment, road_network, Pct_Age_15_34, Youth_Dependency, Avg_Household_Size, Unemployment_Rate, UrbanRural_Class, Daytime_Population_Pressure, previous_total_weight, days_between_visits, coastline_cleaned, width_length",20.0,0.0,0.08356643945858648,0.0035548071224864664,0.23483238064017714,0.015298888549094562,0.8004028101780897,0.011675527439182175,0.8917435808018818,0.020521506247778928,0.7191664339403181,0.03527556187010433,0.6613974304460702,0.05373147917688432,0.7903975158316622,0.023928230240756368,0.8328935809352533,0.017472207651850084
103,leave_one_out,minus_width_length,width_length,"previous_visit_month, previous_visit_season, latitude, longitude, orientation, wind_direction_previous, wind_speed_previous, region, sediment, tourist_business, road_network, Pct_Age_15_34, Youth_Dependency, Avg_Household_Size, Unemployment_Rate, UrbanRural_Class, Daytime_Population_Pressure, previous_total_weight, days_between_visits, coastline_cleaned",20.0,0.0,0.08356643945858648,0.0035548071224864664,0.23483238064017714,0.015298888549094562,0.7992780643492451,0.00954555834444457,0.8902253926696926,0.020563471680334684,0.720781139898787,0.04002839356065173,0.6612427117254265,0.05704546600856579,0.7944821456389627,0.028075527432813413,0.8346070448852734,0.01993777922437904
104,leave_one_out,minus_wind_direction_previous,wind_direction_previous,"previous_visit_month, previous_visit_season, latitude, longitude, orientation, wind_speed_previous, region, sediment, tourist_business, road_network, Pct_Age_15_34, Youth_Dependency, Avg_Household_Size, Unemployment_Rate, UrbanRural_Class, Daytime_Population_Pressure, previous_total_weight, days_between_visits, coastline_cleaned, width_length",20.0,0.0,0.08356643945858648,0.0035548071224864664,0.23483238064017714,0.015298888549094562,0.7927281017425706,0.013324993585381336,0.8934317966739108,0.01824594406415241,0.731506910273508,0.023431987257364353,0.6852109248140176,0.03598754242723684,0.7857307224821053,0.024129082199579568,0.837523428970097,0.013012935660350208
105,leave_one_out,minus_wind_speed_previous,wind_speed_previous,"previous_visit_month, previous_visit_season, latitude, longitude, orientation, wind_direction_previous, region, sediment, tourist_business, road_network, Pct_Age_15_34, Youth_Dependency, Avg_Household_Size, Unemployment_Rate, UrbanRural_Class, Daytime_Population_Pressure, previous_total_weight, days_between_visits, coastline_cleaned, width_length",20.0,0.0,0.08356643945858648,0.0035548071224864664,0.23483238064017714,0.015298888549094562,0.8005263754655385,0.013024348838091209,0.8926048697124074,0.01876502496863054,0.7283468931961394,0.03460149835224199,0.6751964616384948,0.04968648384464745,0.79218329506425,0.023629360132595766,0.83762603308537,0.016960358384146782
